date,home,away,stage,side,p1,px,p2,pick,expected_points,pick_outcome,expected_points_outcome,odds_used,p_0_0,p_0_1,p_0_2,p_0_3,p_0_4,p_0_5,p_0_6,p_0_7,p_0_8,p_1_0,p_1_1,p_1_2,p_1_3,p_1_4,p_1_5,p_1_6,p_1_7,p_1_8,p_2_0,p_2_1,p_2_2,p_2_3,p_2_4,p_2_5,p_2_6,p_2_7,p_2_8,p_3_0,p_3_1,p_3_2,p_3_3,p_3_4,p_3_5,p_3_6,p_3_7,p_3_8,p_4_0,p_4_1,p_4_2,p_4_3,p_4_4,p_4_5,p_4_6,p_4_7,p_4_8,p_5_0,p_5_1,p_5_2,p_5_3,p_5_4,p_5_5,p_5_6,p_5_7,p_5_8,p_6_0,p_6_1,p_6_2,p_6_3,p_6_4,p_6_5,p_6_6,p_6_7,p_6_8,p_7_0,p_7_1,p_7_2,p_7_3,p_7_4,p_7_5,p_7_6,p_7_7,p_7_8,p_8_0,p_8_1,p_8_2,p_8_3,p_8_4,p_8_5,p_8_6,p_8_7,p_8_8
2026-06-30,Ivory Coast,Norway,r32_r16,,0.27450889136636225,0.2760706857565307,0.44942042287710704,0-1,2.1227785349825905,0-1,2.12277853498259,True,0.08589925843155777,0.10776053261668354,0.08357914311052858,0.04056335008690697,0.01476491600389809,0.0042995017745841016,0.0010433356289086136,0.00021701170274158695,3.9495746233700125e-05,0.078445907177532,0.13152370408132724,0.09061808903787731,0.04397955199168442,0.016008401417906746,0.0046616012096765995,0.0011312042382607352,0.0002352881959473121,4.282203568526404e-05,0.04634656719747399,0.06747994633319017,0.04912492372658839,0.023841731381225275,0.00867830592091351,0.0025270981357090353,0.0006132365238967286,0.00012755195791920712,2.3214230836147396e-05,0.016749941818006837,0.024387678382893536,0.01775405739821926,0.00861655215529828,0.0031363945173071652,0.0009133092114711554,0.0002216275490735115,4.609808240632803e-05,8.389769498968238e-06,0.0045401509950758374,0.006610395634846401,0.004812321274841923,0.0023355572375746607,0.0008501345761926344,0.0002475567837981968,6.007319597854327e-05,1.2495103384967037e-05,2.274086725378857e-06,0.000984503529961083,0.0014334232152199396,0.0010435219638129138,0.0005064510733921089,0.00018434639995704315,5.368115020391879e-05,1.3026499242220002e-05,2.709485522193132e-06,4.931215748113522e-07,0.0001779028938239169,0.00025902409722399974,0.00018856771101518808,9.151730673860222e-05,3.3311976057288053e-05,9.70035319776965e-06,2.3539295097068946e-06,4.896125818779127e-07,8.91086242925046e-08,2.755509786063726e-05,4.0119832757385944e-05,2.920695452836605e-05,1.4174970900811291e-05,5.1596392866903176e-06,1.5024723651311053e-06,3.6459641888239684e-07,7.583531845636237e-08,1.380189388620628e-08,3.7344698366919737e-06,5.437335263454563e-06,3.95834162010465e-06,1.9210964712517256e-06,6.99272322740728e-07,2.0362612233943992e-07,4.941279235401467e-08,1.0277760970530836e-08,1.8705343260961544e-09
2026-06-30,France,Sweden,r32_r16,,0.7460019286583153,0.1616339008151778,0.09236417052650697,2-0,3.008118966192601,2-0,3.0081189661926007,True,0.03921290888347937,0.024199394015933146,0.011374487572431558,0.003050679182261144,0.000613652488550656,9.875030554351578e-05,1.3242596620074845e-05,1.5221626558316072e-06,1.530935975112285e-07,0.08535921612633246,0.07603270506654684,0.02894943596057708,0.0077643446406487375,0.0015618192297649435,0.00025133137894917085,3.3703997684588264e-05,3.874086638714309e-06,3.8964157891978217e-07,0.11380896328025067,0.09157194101876262,0.036839894417168756,0.009880594467178273,0.0019875086893436458,0.00031983426125530343,4.28903595160747e-05,4.930007718546041e-06,4.958422902432799e-07,0.09655249004232629,0.07768719324504063,0.031253984188530815,0.008382432906934684,0.0016861493805575298,0.0002713388597434507,3.638703745934408e-05,4.182487103246547e-06,4.2065937876429353e-07,0.06143441868293887,0.049430807574470464,0.019886285162676185,0.005333574437702428,0.0010728631334286562,0.00017264749057349893,2.3152344314778123e-05,2.6612329078639034e-06,2.6765715090912347e-07,0.031271593697944966,0.025161467525360078,0.010122596471176247,0.002714917408665823,0.0005461130864643854,8.788171669773777e-05,1.178509897364317e-05,1.354631426722235e-06,1.3624391429138933e-07,0.013264993160922904,0.010673159093411313,0.004293870477402605,0.0011516317718335322,0.00023165389097251637,3.72782526604093e-05,4.999081875908661e-06,5.746165924451283e-07,5.779285215679342e-08,0.004822999938418183,0.003880638687541455,0.001561202240879827,0.00041872015290561295,8.422670772165296e-05,1.355394670048835e-05,1.817609047148385e-06,2.0892402705046722e-07,2.1012820663514987e-08,0.001534389208370913,0.0012345863984611952,0.0004966808834909816,0.0001332116301366795,2.679588493362111e-05,4.312052625670309e-06,5.782541452605766e-07,6.646709031075965e-08,6.685018800581863e-09
2026-06-30,Mexico,Ecuador,r32_r16,home,0.42527381601379954,0.33140823994139995,0.24331794404480067,1-0,2.262406871472254,1-0,2.2624068714722534,True,0.16449463459441982,0.11143707569489301,0.044908710863659745,0.011317657494258242,0.002139162459142031,0.0003234602940705084,4.0758382403762164e-05,4.402162932578904e-06,4.160287448695484e-07,0.16463893831142667,0.13740246855202118,0.049158142047035884,0.012388576827144037,0.0023415780592643126,0.0003540673240603072,4.461509389335137e-05,4.818712151655706e-06,4.553949499471489e-07,0.09413820345080952,0.07117264712957094,0.026904835198375898,0.006780415288230505,0.0012815734925123751,0.0001937852531907666,2.4418370967156284e-05,2.6373384125188976e-06,2.492430667289524e-07,0.034348638146817184,0.025969090258687284,0.009816890643251565,0.002474001230990924,0.0004676135993593975,7.070731431067856e-05,8.909643032691477e-06,9.622977652175908e-07,9.094246114596078e-08,0.009399708879807919,0.007106595820822524,0.0026864504425781863,0.0006770251338700003,0.00012796523936203742,1.934947660377739e-05,2.438176744368803e-06,2.6333850006141395e-07,2.4886944743819036e-08,0.0020578289397671953,0.0015558097309515866,0.0005881304981544015,0.00014821755984595092,2.8014758351624393e-05,4.236079375834356e-06,5.337772402300204e-07,5.765131594079079e-08,5.448368217682976e-09,0.0003754247427137617,0.0002838377168610259,0.00010729693643860985,2.704041050036104e-05,5.1109366979437295e-06,7.728188573184323e-07,9.738087515791661e-08,1.0517750059744885e-08,9.939855528345675e-10,5.8706977763095075e-05,4.4385072788856197e-05,1.677853946443896e-05,4.228439410984693e-06,7.992218224773133e-07,1.2084941217123106e-07,1.5227917134927255e-08,1.644711305951441e-09,1.5543431507813e-10,8.03275660926871e-06,6.073119420936797e-06,2.295773499373925e-06,5.785687821053467e-07,1.093558997821924e-07,1.653557977830259e-08,2.0836049933382613e-09,2.250425097087111e-10,2.1267761845779922e-11
2026-07-01,England,DR Congo,r32_r16,,0.7540550856406181,0.17359332181048417,0.07235159254889759,2-0,3.1793153702409107,2-0,3.179315370240911,True,0.0660756206488437,0.02982615353385241,0.009436230732639363,0.0017387373870631077,0.00024028723333729656,2.6565462931658648e-05,2.447500750704639e-06,1.932775845124313e-07,1.3355132406467888e-08,0.1335496589302058,0.08052381993800269,0.021063705625413716,0.003881237489702028,0.0005363730171470943,5.929985254173454e-05,5.463350440605625e-06,4.314373248715755e-07,2.981154081207796e-08,0.153871295515758,0.08505783142319957,0.023509370809438955,0.004331880295308145,0.0005986502269132871,6.618504109109277e-05,6.09768925061051e-06,4.815306590308956e-07,3.32728998313704e-08,0.11449132479469787,0.063289151957578,0.01749266489269804,0.0032232308969614466,0.00044543888019016195,4.924643684003233e-05,4.537119923171699e-06,3.5829348740399206e-07,2.4757433598554115e-08,0.06389234299341377,0.035318765084488946,0.0097618518014115,0.0017987369295002398,0.0002485789536171912,2.7482171591856255e-05,2.5319579702073823e-06,1.9994711765779468e-07,1.3815985114609664e-08,0.02852430260901012,0.0157678228070358,0.004358112439803244,0.0008030338861787478,0.00011097638563573679,1.2269228863929082e-05,1.130375440182798e-06,8.926503275139256e-08,6.168052724116403e-09,0.010612067649147646,0.005866197838441871,0.0016213747507774349,0.00029875752061314057,4.1287211398897905e-05,4.564594917239546e-06,4.205403653362512e-07,3.32098063621697e-08,2.294737707317578e-09,0.0033840610934595013,0.0018706601322129553,0.0005170369614506002,9.527019006202414e-05,1.3165996521297157e-05,1.4555945719092752e-06,1.3410527859553907e-07,1.059020893450193e-08,7.31764332057532e-10,0.0009442444328497914,0.00052196469473026,0.00014426727501193207,2.6582955832704558e-05,3.6736685818651996e-06,4.061501944123094e-07,3.741899428894678e-08,2.954954285088541e-09,2.0418201020035454e-10
2026-07-01,Belgium,Senegal,r32_r16,,0.43541685487984855,0.29473924498275317,0.26984390013739823,1-0,2.148546902253747,1-0,2.148546902253747,True,0.10966771696389974,0.09208603263496468,0.04833613640339171,0.01566221695494094,0.00380623677536668,0.0007399942642517612,0.00011988908893543382,1.664884755401476e-05,2.023004023308894e-06,0.1264241745982572,0.13741446339699118,0.06321042567971778,0.02048188942011595,0.004977515058316534,0.0009677097907358025,0.00015678208706458707,2.1772131975615587e-05,2.6455351002394983e-06,0.08747830973254435,0.0850360228079685,0.041330960766764555,0.013392350374942165,0.0032546131018584682,0.0006327496605888064,0.00010251401125237359,1.4235992287926094e-05,1.7298176093470253e-06,0.03813255538802453,0.037067941294432936,0.018016524959130323,0.005837841906292851,0.0014187141332823124,0.00027582107556634646,4.468674833889028e-05,6.205592747305619e-06,7.540425278137923e-07,0.01246673419559508,0.012118678294524812,0.0058901698432809405,0.0019085745128037007,0.00046382236436006417,9.017460276760443e-05,1.4609506442396746e-05,2.0288038532835293e-06,2.4652026780721216e-07,0.0032606146621357336,0.0031695823070323767,0.0015405457317167759,0.0004991785292434608,0.00012131051950985294,2.3584735771474573e-05,3.821046487818494e-06,5.306239378193454e-07,6.447619618053911e-08,0.0007106651327799919,0.0006908242354553055,0.00033576863580287033,0.00010879812934821355,2.6440154813819775e-05,5.140395635600033e-06,8.328136842289065e-07,1.1565179277566822e-07,1.4052867102602812e-08,0.0001327650458443827,0.00012905840889063027,6.272762834317145e-05,2.032545001074425e-05,4.9394971049973935e-06,9.603184829809021e-07,1.555845951439268e-07,2.1605837773105013e-08,2.62532866615207e-09,2.1702538948225197e-05,2.1096630726342515e-05,1.0253819358772675e-05,3.3225151069915058e-06,8.074386418809583e-07,1.5697918941723743e-07,2.5432753887741633e-08,3.5318146640001777e-09,4.2915134225796736e-10
2026-07-01,United States,Bosnia and Herzegovina,r32_r16,home,0.6996276811288695,0.193094617458136,0.10727770141299443,1-0,2.9151034923693118,2-0,2.9123524634964166,True,0.059557851496096874,0.035121194656231605,0.014682636796939224,0.003588352314107795,0.0006577295605129481,9.644720181387645e-05,1.1785571781295827e-05,1.2344255237192529e-06,1.1313244716937799e-07,0.11385487394595054,0.09202203511407024,0.031926978602439475,0.007802770655909452,0.0014302143337814076,0.00020972171355615812,2.5627392632731067e-05,2.684223401228963e-06,2.4600330785076057e-07,0.12914780682373395,0.09468895224075137,0.034712156160299504,0.008483452094343697,0.0015549803166506214,0.00022801696840209999,2.7863020366753366e-05,2.9183839483473933e-06,2.6746361891611524e-07,0.09360941820915285,0.06863281652307603,0.025160200725559266,0.006149008910701786,0.001127086911874672,0.0001652721504056762,2.0195783344903336e-05,2.1153144620457085e-06,1.9386402583687515e-07,0.05088775833461763,0.03731002977977008,0.013677536284992558,0.0033427115073620607,0.0006127046561216721,8.984490460666372e-05,1.0978789975357946e-05,1.1499228732069895e-06,1.0538796079814083e-07,0.022130798356520483,0.01622592098284988,0.005948283191151045,0.0014537263332962702,0.0002664617904284,3.907304098829358e-05,4.774613681065792e-06,5.000949553555488e-07,4.5832628238252016e-08,0.00802046588946505,0.005880467738741073,0.0021557289378785053,0.0005268478019178433,9.656893829802081e-05,1.4160537157121802e-05,1.7303770766624177e-06,1.8124039026097536e-07,1.6610292384735667e-08,0.0024914680456143254,0.0018267015490438683,0.0006696530897020792,0.00016365937857856807,2.9998060871307787e-05,4.398812528090739e-06,5.375222901989664e-07,5.630030064749866e-08,5.159801596966849e-09,0.0006772033531944724,0.000496513859158496,0.00018201771386213732,4.4484086460680334e-05,8.153741906158974e-06,1.1956366847010444e-06,1.4610337787806436e-07,1.530292650209047e-08,1.4024803366171863e-09
2026-07-02,Spain,Austria,r32_r16,,0.7230291747866385,0.18109566655341092,0.09587515865995042,2-0,2.9953384719039944,2-0,2.995338471903995,True,0.05510768226630768,0.03128432297093692,0.012772369732310147,0.0030285421351126116,0.0005385884328663361,7.662498643272262e-05,9.084531879267776e-06,9.231832290247977e-07,8.2088309554006e-08,0.11023974465933224,0.08633558465904238,0.029062096422117788,0.006891108337275617,0.0012254976402854018,0.0001743515722394042,2.067083454037549e-05,2.100600012332091e-06,1.8678275193930507e-07,0.1306819513299377,0.09296061831821115,0.033063772273671375,0.007839972501208698,0.0013942412932564847,0.00019835873490850323,2.3517084109237545e-05,2.389839997673449e-06,2.1250161327215087e-07,0.099117379932341,0.07050715749819578,0.025077636545017837,0.005946326368355881,0.0010574799547655891,0.00015044769297319616,1.783683008123344e-05,1.8126043926973333e-06,1.6117453806420155e-07,0.05638262344955559,0.04010778447163287,0.014265338120193788,0.003382549869296716,0.0006015442915833851,8.558171763168522e-05,1.014642714214589e-05,1.0310945568398494e-06,9.168365119753128e-08,0.025658468609435867,0.018252154048492095,0.00649183574594499,0.0015393226553009089,0.0002737493287552813,3.894632212988144e-05,4.617411649133372e-06,4.692280298681986e-07,4.1723175374324766e-08,0.009730495128675366,0.0069217886211405295,0.002461907491971212,0.000583759374998586,0.00010381432152002387,1.4769665467301827e-05,1.7510671522484516e-06,1.7794596896524723e-07,1.5822735211229007e-08,0.0031629502209103233,0.0022499649358861955,0.0008002563839370806,0.0001897541512218613,3.374540831100701e-05,4.800959872525358e-06,5.691938758297315e-07,5.784230241173249e-08,5.143265904761343e-09,0.0008996173598263476,0.0006399428931705545,0.00022761171849693422,5.397053909029581e-05,9.59798700918946e-06,1.365505791586707e-06,1.6189211212305918e-07,1.6451709874505575e-08,1.4628656700119007e-09
2026-07-02,Portugal,Croatia,r32_r16,,0.5404118061212301,0.2671992394453371,0.192388954433433,1-0,2.5292260487490594,1-0,2.5292260487490594,True,0.09739191470090698,0.06881539121391618,0.03144189279487071,0.00872725802441491,0.0018168045683895572,0.0003025719033847364,4.199211365875072e-05,4.995282839654989e-06,5.199486859500509e-07,0.1354672094507691,0.1250872157063457,0.04928979660627864,0.013681261995273362,0.002848108675692957,0.00047432601064784514,6.582882127392832e-05,7.830841379803799e-06,8.150961248859903e-07,0.1114357634533511,0.09279294988535622,0.03863450691945385,0.010723696335073118,0.002232414858948709,0.00037178793182759425,5.1598185144125904e-05,6.13799845614776e-06,6.388915971488597e-07,0.05823065584415774,0.04848887073672993,0.020188426106823563,0.005603657670692972,0.001166546334177935,0.00019427744230716967,2.696258425661079e-05,3.2074054558035463e-06,3.338522172989228e-07,0.022821281796980203,0.01900336115158633,0.007912082640016442,0.0021961396268478472,0.0004571832866309691,7.613962428234114e-05,1.0566955229591009e-05,1.2570200813118319e-06,1.3084062714175647e-07,0.0071551439056571535,0.005958113349652741,0.00248067091000386,0.0006885544469764115,0.00014334042391688734,2.387201444289195e-05,3.3130516499894776e-06,3.9411281338619426e-07,4.102238972525978e-08,0.0018694569381227436,0.0015567033293101967,0.0006481361528227783,0.00017990174693168496,3.745120343324095e-05,6.237149610917844e-06,8.65616048411676e-07,1.0297164433064283e-07,1.0718106036920943e-08,0.0004186641454327395,0.00034862309784594933,0.0001451498363038495,4.0288925412020185e-05,8.387182267247298e-06,1.3968072002841787e-06,1.9385437331605702e-07,2.306045921591699e-08,2.4003156280834163e-09,8.203971175237118e-05,6.831475484469272e-05,2.8442967617786514e-05,7.894852863978844e-06,1.6435178964474068e-06,2.7371261985309104e-07,3.798690927389409e-08,4.5188331687578924e-09,4.703560225801845e-10
2026-07-02,Switzerland,Algeria,r32_r16,,0.4672492541603027,0.29025483998460716,0.24249590585509037,1-0,2.2815097985253248,1-0,2.2815097985253243,True,0.10979319936274834,0.08610378328018295,0.04246017501214514,0.0128783136953144,0.0029295268493503006,0.0005331211998158915,8.084872526888551e-05,1.050929568284883e-05,1.1953142546088295e-06,0.13302039061447837,0.1348347489079956,0.05805692333075447,0.017608859846300947,0.004005619751672439,0.0007289507547921749,0.00011054660615464522,1.4369638691900402e-05,1.6343848798581946e-06,0.09588028260663278,0.08724243526436881,0.03969138546495614,0.012038530525913704,0.0027384950574094865,0.0004983568493389356,7.557665313625731e-05,9.823994031909632e-06,1.1173688949201263e-06,0.0436998843789671,0.03976296513052518,0.018090361318351067,0.005486867349290663,0.0012481389721403344,0.00022713884548011587,3.444598737108096e-05,4.477535856829182e-06,5.092693741526987e-07,0.01493800270622313,0.013592239182516582,0.006183857695974749,0.0018755848093694322,0.00042665337926039515,7.764324177716658e-05,1.1774728008557197e-05,1.530563380133738e-06,1.740843802541288e-07,0.00408502545070402,0.003717005819627093,0.0016910705245129604,0.0005129073700084477,0.00011667489604761591,2.123273271350775e-05,3.2199795739784717e-06,4.185559799876836e-07,4.7606037961948813e-08,0.0009309272721550896,0.0008470601052567975,0.0003853742625117344,0.00011688530820485238,2.6588779927397202e-05,4.838679754608966e-06,7.337939108022647e-07,9.538378191180732e-08,1.0848833034905784e-08,0.000181840221035887,0.00016545824940115934,7.527606417035035e-05,2.2831483098152494e-05,5.193649132095661e-06,9.451507356348914e-07,1.4333369633287766e-07,1.8631539224250298e-08,2.1191281596915617e-09,3.107936957427822e-05,2.827943154136875e-05,1.2865869856073721e-05,3.902261540895991e-06,8.876767741261945e-07,1.6154120825887298e-07,2.4497995522661135e-08,3.184424710822675e-09,3.621925164582598e-10
2026-07-03,Colombia,Ghana,r32_r16,,0.6284019046883685,0.24340347388962721,0.12819462142200436,1-0,2.8873716620792678,1-0,2.8873716620792678,True,0.10145777802297616,0.05489068630846478,0.01932906400756972,0.004097856836120662,0.0006515743846713628,8.288218856601648e-05,8.785716237342948e-06,7.982636332219543e-07,6.346343423194282e-08,0.15771824007234897,0.10994909337686248,0.033091204592886406,0.007015498469213081,0.0011154901893956266,0.00014189365081879532,1.5041076660054666e-05,1.3666210218799828e-06,1.0864889709682626e-07,0.14004896539435652,0.08907321275486543,0.02832594017432577,0.006005238926077734,0.0009548551876126108,0.00012146040356215641,1.2875102096517345e-05,1.169822186378491e-06,9.300302594100074e-08,0.07992090675940615,0.050830878409539544,0.01616459512692717,0.003426973836811757,0.0005449015078621773,6.93130831828488e-05,7.3473576279276255e-06,6.675754413420856e-07,5.30734814330365e-08,0.03420598995104972,0.021755515378647828,0.006918414728939273,0.0014667380210960492,0.0002332167671515038,2.9665862450312567e-05,3.144654526308684e-06,2.85720967942189e-07,2.2715345035196392e-08,0.011712076811677144,0.007449054026998781,0.002368854251443428,0.0005022087765992893,7.98530518940766e-05,1.0157544342377584e-05,1.0767247318677662e-06,9.783040713145523e-08,7.77769818200525e-09,0.00334183046689887,0.0021254535892542147,0.0006759099548616233,0.0001432962417656126,2.2784632135303474e-05,2.8982725863264585e-06,3.0722403646052927e-07,2.7914147114802053e-08,2.2192262879504746e-09,0.000817312472713806,0.0005198228174285079,0.00016530749899245197,3.504600453198046e-05,5.57244426814392e-06,7.088313897405136e-07,7.513787410936017e-08,6.8269712745982426e-09,5.427568342805381e-10,0.0001749040605399893,0.00011124156863493776,3.537564123484795e-05,7.4998102965359404e-06,1.192497560198676e-06,1.5168921611114593e-07,1.6079430720582515e-08,1.4609650983941596e-09,1.1614942555114714e-10
2026-07-03,Australia,Egypt,r32_r16,,0.28417955865332845,0.3300774803719037,0.38574296097476785,0-0,2.1162793178410175,0-1,2.0596088549347513,True,0.15529730532716637,0.14777382425793242,0.08167758591938862,0.028629823689255388,0.007526545948176182,0.0015829337833126048,0.0002774268767733497,4.1676143789422316e-05,5.478158276112723e-06,0.11959634833914595,0.1412953279154377,0.07031023486832572,0.0246453124828762,0.006479050615989039,0.0013626314347189477,0.00023881642246346011,3.587593126384031e-05,4.715744113929744e-06,0.05473437130920407,0.057556870077110155,0.030262458614522005,0.010607669714825454,0.002788669409154409,0.0005864946615134363,0.00010278975905575386,1.544147714998604e-05,2.0297188787910664e-06,0.01570560008926821,0.0165154940524374,0.008683575993459673,0.0030437879240256317,0.0008001868930572705,0.00016829005957124787,2.949471804256267e-05,4.4308111905630365e-06,5.824119696898717e-07,0.003379949402870132,0.003554243960330074,0.0018687632008360258,0.0006550433678305322,0.00017220553153021522,3.62171380350817e-05,6.347459127263924e-06,9.53539982722916e-07,1.2533892229452669e-07,0.0005819100397834947,0.000611917516457387,0.0003217361974770975,0.00011277574507786952,2.9647818875215187e-05,6.235334829847594e-06,1.092812274093139e-06,1.6416650758448198e-07,2.157901452515643e-08,8.348726909769837e-05,8.779247455685876e-05,4.615984372298253e-05,1.6180059344761592e-05,4.2536049618869595e-06,8.945902996405094e-07,1.5678697077374163e-07,2.355314818186393e-08,3.0959647872636276e-09,1.0266865457639874e-05,1.079629905505425e-05,5.676517032734149e-06,1.9897463910922885e-06,5.230880148030468e-07,1.1001244076352307e-07,1.9280912549208034e-08,2.896453628206157e-09,3.8072695724697763e-10,1.1047488021998496e-06,1.1617176146383778e-06,6.108120748688265e-07,2.1410331627604576e-07,5.628600668656325e-08,1.1837703792070777e-08,2.0746901897119197e-09,3.1166802463619083e-10,4.096748435237412e-11
2026-07-03,Argentina,Cape Verde,r32_r16,,0.8267922870246651,0.12229520147125486,0.05091251150408005,2-0,3.30796284503753,2-0,3.307962845037529,True,0.035113673662794574,0.016325346342324066,0.00591233593322477,0.0011981913952039788,0.00018211870516436472,2.2144857927375474e-05,2.243933575178597e-06,1.9489482413583872e-07,1.4811487195170967e-08,0.0876318223166761,0.05830129805527954,0.016773368375541994,0.0033992834445046574,0.0005166729638335114,6.282522912011079e-05,6.36606662608707e-06,5.529189675008637e-07,4.202036787492213e-08,0.12873741076720321,0.0782696008299899,0.02379312422697347,0.004821904072394175,0.000732903716055904,8.911796650352681e-05,9.030303912751525e-06,7.843188909140537e-07,5.960614532075712e-08,0.121743195859192,0.07401726729534136,0.022500460166194836,0.004559933343395087,0.0006930855616715148,8.427624872952445e-05,8.539693717362005e-06,7.417073854722851e-07,5.636778447656239e-08,0.08634672887439399,0.05249697008583858,0.015958519240505356,0.003234146477827296,0.000491573025153905,5.977318361196777e-05,6.056803527124991e-06,5.260582003415142e-07,3.9979021160881746e-08,0.04899334231988734,0.02978690750304843,0.009054902325320713,0.001835062515585802,0.00027891972064884884,3.391544861543743e-05,3.436644936490865e-06,2.984866922637846e-07,2.26841930769418e-08,0.023165783878597357,0.014084302661410603,0.004281477857554558,0.0008676824161580009,0.0001318831021129819,1.603642281926897e-05,1.6249671913872889e-06,1.4113505787118815e-07,1.0725888241094725e-08,0.00938880119447302,0.0057081909398689415,0.0017352291911976487,0.0003516607833320048,5.3450564554094586e-05,6.499360717067313e-06,6.585787896248041e-07,5.7200265998651015e-08,4.347067764143868e-09,0.0033295177832048752,0.0020242758207949622,0.0006153582688948465,0.0001247082356423658,1.8954987065863312e-05,2.3048455962277318e-06,2.335494964988875e-07,2.0284730595709175e-08,1.5415854618408552e-09
2026-07-04,Canada,Morocco,r32_r16,,0.19833660072951798,0.2642715161392956,0.5373918831311864,0-1,2.4936414495365646,0-1,2.493641449536565,True,0.09173086040959766,0.12888629500335588,0.10804734988799988,0.05740898416353001,0.022877410686875734,0.007293296369712939,0.0019375798491254028,0.0004412132709382333,8.791147715661892e-05,0.06735999973422033,0.12470376565133458,0.09406331443525318,0.04997882256603451,0.01991650028561241,0.006349361001495437,0.0016868084481536654,0.00038410921397229896,7.653352837272165e-05,0.03222941632850214,0.05137353355322669,0.04094458185099823,0.021755155063987185,0.008669402955080889,0.0027637972655770392,0.0007342465762241791,0.00016719792669050504,3.331408568384626e-05,0.00935270732481359,0.014908170184264406,0.011881775539652098,0.006313164223810956,0.002515788300144929,0.000802030873491263,0.00021307222140408929,4.851944129900435e-05,9.667469308751733e-06,0.0020355581391555823,0.0032446698164053617,0.0025859939873442575,0.0013740206309578236,0.0005475455579761195,0.00017455699357316743,4.6373833740777174e-05,1.055995234464779e-05,2.1040641124583254e-06,0.00035442117829471314,0.0005649456418791993,0.0004502603086727865,0.00023923758386352627,9.533588753619965e-05,3.0392988611688115e-05,8.074379444287217e-06,1.8386459618778923e-06,3.663490949241328e-07,5.14250322829238e-05,8.197125242774551e-05,6.533088970762184e-05,3.471237394070265e-05,1.383283899077143e-05,4.409895672856611e-06,1.1715587245234332e-06,2.6677984764165127e-07,5.3155723153845374e-08,6.395620579424375e-06,1.019458823212376e-05,8.12506213680911e-06,4.317103233196257e-06,1.7203604119198358e-06,5.484492331140774e-07,1.4570423694326616e-07,3.317883544273851e-08,6.61086287795694e-09,6.959833700162157e-07,1.1093941214317226e-06,8.841844286010658e-07,4.697952324773865e-07,1.872128313837868e-07,5.968326932550772e-08,1.585580704703758e-08,3.6105828070759236e-09,7.194064387305599e-10
2026-07-04,Paraguay,France,r32_r16,,0.17145176416513386,0.27740399234246266,0.5511442434924034,0-1,2.6565724187670416,0-1,2.6565724187670416,False,0.12663026172992642,0.16168607032793808,0.12216963795641654,0.061599134410386454,0.024215226611840415,0.007910994336753498,0.002235747598046422,0.0005617864712055853,0.00012801634049978362,0.07370416352901392,0.11824628712345303,0.08139138504305754,0.0410459903961568,0.016132814020904676,0.005266963301405257,0.0014864933138690577,0.00037267603505232325,8.463506443020566e-05,0.028155532580698202,0.03937149745194138,0.02865205308391587,0.014457229568019593,0.005685022572172695,0.0018565164666667425,0.000523899744277937,0.00013125028346802804,2.9760211248055703e-05,0.006961392273258829,0.009738012864681149,0.007092248963807549,0.0035826564145313737,0.00141074796666678,0.00046137591696941493,0.00013037807124888527,3.2698215168104245e-05,7.418088754356223e-06,0.0013587960768957456,0.0019015687701045977,0.0013865459287527738,0.0007017138155979971,0.00027698397151186565,9.084156275759591e-05,2.574792485155243e-05,6.476633852709593e-06,1.473246278221776e-06,0.00022309070506195333,0.0003123402968759159,0.00022809486150239438,0.00011573265140302613,4.584115458481297e-05,1.509704423926643e-05,4.298772527548491e-06,1.0864463566892152e-06,2.4827020837436236e-07,3.207683436431363e-05,4.491994340412694e-05,3.285956998195709e-05,1.6724291150779204e-05,6.653200388394927e-06,2.2027843013649878e-06,6.309626092971157e-07,1.6045693902889437e-07,3.689090613459133e-08,4.154530538171056e-06,5.815955313086095e-06,4.260716760018621e-06,2.175608142650701e-06,8.696854371695593e-07,2.8969377993115755e-07,8.355107241395587e-08,2.1400669940199002e-08,4.955102411993096e-09,4.949356084325335e-07,6.918905896566374e-07,5.072322982006509e-07,2.5974125225644554e-07,1.0432608287987733e-07,3.4969761104229086e-08,1.0158816353534859e-08,2.6219103564385685e-09,6.116056193711225e-10
2026-07-05,Brazil,Norway,r32_r16,,0.5416990414003362,0.23832658422654893,0.2199743743731149,1-0,2.3644379985774826,1-0,2.3644379985774835,False,0.06525756261947942,0.055069391209054915,0.03276546340238059,0.01226565739346174,0.0035955978819309387,0.000879985143705631,0.00018726845426902646,3.564725195112107e-05,6.197811405400344e-06,0.09613168673876052,0.11044307220166136,0.056015122499066546,0.020905272966009074,0.006107360380177196,0.0014887461167931257,0.0003152743618510623,5.964607194627242e-05,1.028947369455288e-05,0.09098462042808964,0.09293016912778432,0.049645668941311644,0.018470872640634444,0.005378352406008814,0.0013062428901768808,0.0002754618984641741,5.1854631506281724e-05,8.891649645883265e-06,0.05608636937241808,0.05709139235255293,0.03040248699107181,0.011275761781948878,0.003272662236591602,0.0007921042283033612,0.00016641368812659007,3.11957119874311e-05,5.323870943315646e-06,0.026880193880990923,0.027259845608887515,0.014468373567599694,0.005349209174254101,0.0015476933436494576,0.0003733909905980282,7.817900026870521e-05,1.4602057082811209e-05,2.48229042522245e-06,0.010680154294879278,0.010787545749064027,0.0057064736173787,0.0021034268482034873,0.0006068154094760629,0.00014596560242242365,3.0467443157853375e-05,5.672202352161602e-06,9.610105548371038e-07,0.0036632753509646633,0.0036845847972882015,0.0019428556904982851,0.0007142025301761852,0.00020551671765528596,4.9308656538180405e-05,1.026418856266814e-05,1.9053518854513771e-06,3.218303665612539e-07,0.0011152394736827196,0.0011169734006472197,0.0005872745449276577,0.00021540798486421113,6.186242405867495e-05,1.4812005654690322e-05,3.0762392203943233e-06,5.695589311384691e-07,9.592633729212384e-08,0.0003074758630123819,0.00030669198504531604,0.00016087046013316141,5.891754677318787e-05,1.6899397941131245e-05,4.040718954045978e-06,8.377078984561196e-07,1.5474299101900696e-07,2.5988581965521535e-08
2026-07-05,Mexico,England,r32_r16,home,0.22949125601482642,0.28944070250093246,0.4810680414842412,0-1,2.3520308790080486,0-1,2.352030879008048,False,0.1207257426478761,0.1416053629077125,0.1005678272090892,0.04714556544373815,0.01719976676363917,0.00520601733608256,0.0013610799210895357,0.00031596556861680195,6.644422967325703e-05,0.0862772352830902,0.12814104616855082,0.0820176858870958,0.03839731215291484,0.01399084558018123,0.004230032132087981,0.0011048798471366332,0.0002563167250245838,5.388370370498166e-05,0.04006458892656848,0.05209205815494842,0.03518698998741108,0.01645312423392404,0.005987928292764735,0.0018083384683787531,0.0004718369240740972,0.00010936108699613833,2.2975170550762233e-05,0.012060051246356,0.015665194130273747,0.01057066008690921,0.004937436084445752,0.0017948821946276471,0.0005414024057960592,0.00014109141763487501,3.2662575277538226e-05,6.854378693160672e-06,0.0028538383932138743,0.003704353138037919,0.002497559232126041,0.0011654456349421208,0.0004231888673462178,0.00012748244415904542,3.31733604679798e-05,7.667257543852485e-06,1.606304341884647e-06,0.0005654745612675209,0.0007336528371055951,0.0004943018478337507,0.0002304447795900413,8.357778201012193e-05,2.5139353753024714e-05,6.529753414742151e-06,1.5059619255557124e-06,3.147424124531647e-07,9.760121526213126e-05,0.0001265932016598293,8.52423207765633e-05,3.970356354880691e-05,1.4380774875079088e-05,4.317903457573902e-06,1.1189742719898456e-06,2.5734536361612374e-07,5.360831089186045e-08,1.5074407019764858e-05,1.9550149089781693e-05,1.3157512273830573e-05,6.122574657818126e-06,2.2143299863422202e-06,6.634592495902805e-07,1.714487594767211e-07,3.929005976778966e-08,8.149796128687283e-09,2.1240345213483818e-06,2.7548816606540747e-06,1.8532611340589617e-06,8.615111726362322e-07,3.110569240325408e-07,9.296818204889152e-08,2.3943217724133884e-08,5.46312428204913e-09,1.1272176485184672e-09
2026-07-06,Argentina,Egypt,r32_r16,,0.6496523141770459,0.25869846110374123,0.09164922471921282,1-0,3.157320024032865,1-0,3.157320024032865,False,0.15349262636915717,0.05378808095239283,0.012326072629075473,0.001838760225818392,0.00021848736734679042,2.201764315678951e-05,1.95625275855246e-06,1.5723394888432544e-07,1.1633364720678967e-08,0.2126207582367923,0.09045268421720809,0.0179810558596718,0.0026786267313743065,0.00031777645959715106,3.1959368979682274e-05,2.832157483849411e-06,2.2686715590043948e-07,1.6715306192832734e-08,0.16534864806219626,0.06501731043080505,0.01363613880974108,0.0020288521680930805,0.00024037247970954068,2.4136013421746933e-05,2.134413477695483e-06,1.7050759746516175e-07,1.2519335394270595e-08,0.08708794413277798,0.03418961420318796,0.007160393142090984,0.0010639572468976763,0.00012588681150946327,1.2621132584205613e-05,1.1139846662230538e-06,8.877102409315405e-08,6.4976285394725695e-09,0.03572530672290098,0.013997695348166979,0.0029263671820783433,0.0004341153740639748,5.128099168330091e-05,5.132197152053137e-06,4.520320228011749e-07,3.592832743179945e-08,2.6214930147775865e-09,0.01217306812081629,0.0047575505247616735,0.0009923034726137697,0.00014688150630102765,1.7312863001988268e-05,1.7286342802800519e-06,1.5185351606182136e-07,1.2032666118479452e-08,8.748319837025987e-10,0.0035894951549978425,0.0013983234405542354,0.0002907578550085767,4.291001345874318e-05,5.042599564048572e-06,5.018922015203947e-07,4.393637963115034e-08,3.4680236197876125e-09,2.5105837468992665e-10,0.0009427094650871546,0.000365743593063124,7.574608084491536e-05,1.1134120290056028e-05,1.3031098570884062e-06,1.2914372226862097e-07,1.1253470685034984e-08,8.838570063217476e-10,6.36425995107046e-11,0.00022535641895038015,8.699574531300938e-05,1.792565855158287e-05,2.621292737185788e-06,3.0513991024210275e-07,3.006923107349519e-08,2.604428262967516e-09,2.0324840993889986e-10,1.4536958961161388e-11
2026-07-06,Portugal,Spain,r32_r16,,0.2899061832036788,0.28098891824046723,0.429104898555854,0-1,2.060457126156103,0-1,2.0604571261561024,False,0.09762377880203188,0.11150216791407012,0.08041168701268261,0.03784775857257331,0.013887385641163284,0.004234605946704424,0.0011166839069613826,0.0002616040153502782,5.548941106477214e-05,0.0867551079615366,0.12946505974067343,0.08334285577734675,0.039293710467805096,0.014441526759592345,0.004410274418483975,0.0011645654506643817,0.00027311949262583634,5.797827866869493e-05,0.050396722151894925,0.06603932438660393,0.044995353172551045,0.021250451582082726,0.007823023064471227,0.002392733651632536,0.0006326805333087217,0.0001485462384865918,3.155979201663686e-05,0.01881543407661063,0.024700039949617312,0.0168578349880953,0.007974559738626237,0.002940219797344218,0.000900563267677405,0.0002384212992515354,5.603551743041168e-05,1.191386703838291e-05,0.005483388237399886,0.0072104207701815535,0.004928628256433882,0.0023347319509905615,0.0008619092020418438,0.000264291835790728,7.0036236856173e-05,1.6472149147423965e-05,3.5037253408060565e-06,0.0013308813608584288,0.0017526362389312755,0.0011994938862486472,0.0005687990239791618,0.00021015709457936416,6.448140374079018e-05,1.7093951024738836e-05,4.020973800223029e-06,8.55178059366667e-07,0.00028050625588311545,0.00036986755771234057,0.0002533651930293516,0.00012021135937273839,4.442346210917596e-05,1.362801472531639e-05,3.610993632188416e-06,8.48729757970404e-07,1.8031383103874409e-07,5.292270425980486e-05,6.986458885115655e-05,4.788627037693329e-05,2.271889665432409e-05,8.389840928442034e-06,2.5704653993674503e-06,6.798536147200232e-07,1.594350773140655e-07,3.3785747834029044e-08,9.160465637702816e-06,1.2109634624766304e-05,8.303304202269216e-06,3.936550939104654e-06,1.4510641598618377e-06,4.433023191762217e-07,1.1681076768857085e-07,2.72741500037625e-08,5.752092515473953e-09
2026-07-06,United States,Belgium,r32_r16,home,0.2172180816312657,0.22512149229686707,0.5576604260718672,1-2,2.394874649301472,1-2,2.394874649301472,False,0.051596387324089915,0.08166136436862599,0.08456061421391672,0.05618986837501313,0.028755939623945792,0.012087237186837125,0.004346298139281831,0.0013749487133712858,0.00039060800396241067,0.0457366925320964,0.102240206269897,0.09390801484591739,0.062397461667589346,0.03193011671998604,0.013420703046680771,0.004825836750724337,0.0015268225570912914,0.0004338564821643448,0.029574587669415075,0.05590088887839582,0.05425928697165179,0.03605510749371324,0.018450302107622905,0.007754898570439666,0.0027885878733195572,0.0008823460470990981,0.00025076850471644004,0.011833945359091913,0.022379942297417455,0.021730605443583226,0.014443255191676392,0.007392009597737128,0.003107236803812357,0.0011174227764723448,0.0003536037311046021,0.00010051101547912472,0.003688138596057563,0.00698016444869908,0.006781602274330171,0.004509352595330019,0.0023086047654974715,0.0009706567705739136,0.0003491369057050847,0.00011050366105866137,3.1416242887833495e-05,0.0009541771766304629,0.001807692396859381,0.001757726949589217,0.0011695663858666,0.0005990978357707832,0.0002520082597712341,9.068286484782256e-05,2.8712798795488026e-05,8.166017064486855e-06,0.00021326894350452756,0.00040454891018076926,0.00039379488381281036,0.0002622714380065249,0.00013445752891543477,5.6602837255608456e-05,2.038340673341646e-05,6.458837503422184e-06,1.8382616661227619e-06,4.231287884303109e-05,8.038415151181924e-05,7.835261115069242e-05,5.224772523477988e-05,2.6817023086812587e-05,1.1302555935278825e-05,4.075236297592494e-06,1.2929976793266003e-06,3.6849514012739206e-07,7.597495803106123e-06,1.4458325859993344e-05,1.4115338303419715e-05,9.42690753060426e-06,4.846078819162479e-06,2.0459108894987306e-06,7.390449178372711e-07,2.34966273232505e-07,6.71098705181837e-08
2026-07-06,Switzerland,Colombia,r32_r16,,0.2563034509708488,0.2758348377929871,0.46786171123616405,0-1,2.2181920370878307,0-1,2.2181920370878307,False,0.0974776722991362,0.11869806780081865,0.0900899907321042,0.04467886602778868,0.017209111333765667,0.005486899184168852,0.001507175730818594,0.0003665201661030126,8.04710726653462e-05,0.08014109430541369,0.12697771642467856,0.08612503502522552,0.04264902310911486,0.016405863722078706,0.00522551193544249,0.0014345262152766812,0.00034883940919127064,7.663911738096501e-05,0.043649033433828234,0.06024042044107655,0.04311007933877412,0.0213178649427742,0.008190223927625098,0.0026062854598088883,0.0007151525379377345,0.00017393444802075525,3.8249572924794316e-05,0.01527731131478798,0.021057137665010286,0.01504866370067491,0.007431683392301777,0.002851915974913533,0.0009067793969197152,0.0002487352912733948,6.0518763979527473e-05,1.3325732751440506e-05,0.004188320430318422,0.005766327280371921,0.004115856897410213,0.002030100419833419,0.0007782232809496663,0.00024725974350131797,6.781268753108872e-05,1.6509021722051543e-05,3.6409600235034153e-06,0.0009578921017940559,0.001317496318637517,0.0009393472363150084,0.0004628024766800094,0.00017723960287656165,5.627809075388926e-05,1.5433875677941352e-05,3.7602627650536466e-06,8.308207998781003e-07,0.00019006393373029976,0.0002611911654143142,0.00018603487901836478,9.156186763196497e-05,3.503446331883862e-05,1.1118394627734503e-05,3.0492788504355527e-06,7.435632691164949e-07,1.6460774059366882e-07,3.359735904971498e-05,4.6133286591671056e-05,3.2827018886878236e-05,1.6140816548974688e-05,6.17087186340517e-06,1.957420373609474e-06,5.368764205387663e-07,1.3103103824851238e-07,2.906226099367903e-08,5.392285210649121e-06,7.398029916804681e-06,5.258996368283521e-06,2.583250321099945e-06,9.867963954242396e-07,3.128611146299466e-07,8.581349291963582e-08,2.09595238914212e-08,4.656504180249686e-09
